ip,platform,method,detail,resolved_at
157.240.0.0/16,instagram,seed,seeded from instagram_ips.txt,2026-07-07T00:00:00
31.13.24.0/21,instagram,seed,seeded from instagram_ips.txt,2026-07-07T00:00:00
31.13.64.0/18,instagram,seed,seeded from instagram_ips.txt,2026-07-07T00:00:00
66.220.144.0/20,instagram,seed,seeded from instagram_ips.txt,2026-07-07T00:00:00
69.63.176.0/20,instagram,seed,seeded from instagram_ips.txt,2026-07-07T00:00:00
69.171.224.0/19,instagram,seed,seeded from instagram_ips.txt,2026-07-07T00:00:00
74.119.76.0/22,instagram,seed,seeded from instagram_ips.txt,2026-07-07T00:00:00
103.4.96.0/22,instagram,seed,seeded from instagram_ips.txt,2026-07-07T00:00:00
129.134.0.0/16,instagram,seed,seeded from instagram_ips.txt,2026-07-07T00:00:00
173.252.64.0/18,instagram,seed,seeded from instagram_ips.txt,2026-07-07T00:00:00
179.60.192.0/22,instagram,seed,seeded from instagram_ips.txt,2026-07-07T00:00:00
185.60.216.0/22,instagram,seed,seeded from instagram_ips.txt,2026-07-07T00:00:00
204.15.20.0/22,instagram,seed,seeded from instagram_ips.txt,2026-07-07T00:00:00
163.70.128.0/17,instagram,seed,seeded from instagram_ips.txt,2026-07-07T00:00:00
163.77.128.0/17,instagram,seed,seeded from instagram_ips.txt,2026-07-07T00:00:00
185.89.218.0/23,instagram,seed,seeded from instagram_ips.txt,2026-07-07T00:00:00
110.238.107.0/24,tiktok,seed,seeded from tiktok_ips.txt,2026-07-07T00:00:00
118.26.32.0/24,tiktok,seed,seeded from tiktok_ips.txt,2026-07-07T00:00:00
118.26.33.0/24,tiktok,seed,seeded from tiktok_ips.txt,2026-07-07T00:00:00
118.27.0.0/16,tiktok,seed,seeded from tiktok_ips.txt,2026-07-07T00:00:00
124.156.0.0/16,tiktok,seed,seeded from tiktok_ips.txt,2026-07-07T00:00:00
161.117.0.0/16,tiktok,seed,seeded from tiktok_ips.txt,2026-07-07T00:00:00
220.243.135.0/24,tiktok,seed,seeded from tiktok_ips.txt,2026-07-07T00:00:00
220.243.136.0/24,tiktok,seed,seeded from tiktok_ips.txt,2026-07-07T00:00:00
47.246.0.0/16,tiktok,seed,seeded from tiktok_ips.txt,2026-07-07T00:00:00
47.74.0.0/16,tiktok,seed,seeded from tiktok_ips.txt,2026-07-07T00:00:00
49.51.0.0/16,tiktok,seed,seeded from tiktok_ips.txt,2026-07-07T00:00:00
60.189.0.0/16,tiktok,seed,seeded from tiktok_ips.txt,2026-07-07T00:00:00
101.36.0.0/16,tiktok,seed,seeded from tiktok_ips.txt,2026-07-07T00:00:00
103.65.41.0/24,tiktok,seed,seeded from tiktok_ips.txt,2026-07-07T00:00:00
110.76.0.0/16,tiktok,seed,seeded from tiktok_ips.txt,2026-07-07T00:00:00
116.62.0.0/16,tiktok,seed,seeded from tiktok_ips.txt,2026-07-07T00:00:00
118.24.0.0/16,tiktok,seed,seeded from tiktok_ips.txt,2026-07-07T00:00:00
119.28.0.0/16,tiktok,seed,seeded from tiktok_ips.txt,2026-07-07T00:00:00
139.162.0.0/16,tiktok,seed,seeded from tiktok_ips.txt,2026-07-07T00:00:00
140.82.112.0/20,tiktok,seed,seeded from tiktok_ips.txt,2026-07-07T00:00:00
143.244.0.0/16,tiktok,seed,seeded from tiktok_ips.txt,2026-07-07T00:00:00
150.109.0.0/16,tiktok,seed,seeded from tiktok_ips.txt,2026-07-07T00:00:00
182.162.0.0/16,tiktok,seed,seeded from tiktok_ips.txt,2026-07-07T00:00:00
203.107.0.0/16,tiktok,seed,seeded from tiktok_ips.txt,2026-07-07T00:00:00
